INSERT INTO MEMBER_TYPE(MEMBER_TYPE_NUM, MEMBER_TYPE)
VALUES
(1, "입주민"),
(2, "단기방문자"),
(3, "정기방문자");

INSERT INTO MEMBER_INFO(MEMBER_NUM, NAME, DONG, HO, PHONE_NUM, MEMBER_TYPE_NUM, REMARK)
VALUES
(1, "김민준", 102, 101, "010-3245-2318", 1, ""),
(2, "이서연", 101, 202, "010-8792-5221", 1, ""),
(3, "박서준", 101, 301, "010-1923-6631", 1, ""),
(4, "최서윤", 101, 201, "010-9231-2311", 1, ""),
(5, "문예준", 102, 302, "010-2555-3777", 1, "");

INSERT INTO GUEST(NAME, VISIT_DATE, CAR_NUM, PHONE_NUM, MEMBER_NUM, MEMBER_TYPE_NUM, REMARK) 
VALUES
("윤지우", '2022-03-01', "987가7654", "010-6821-3321", 1, 2, ""),
("서도윤", '2022-03-02', "321나6879", "010-2311-8723", 5, 2, ""),
("하서현", '2022-03-02', "555다3333", "010-3554-8112", 4, 2, ""),
("정시우", '2022-03-03', "323라9911", "010-5215-7754", 3, 2, ""),
("우민서", '2022-03-03', "235마1143", "010-8231-9991", 2, 2, "");

INSERT INTO CAR_INFO(CAR_NUM, MEMBER_NUM, MEMBER_TYPE_NUM) 
VALUES
("123가4567", 1, 1),
("123나9876", 2, 1),
("333다5555", 3, 1),
("321라9323", 4, 1),
("532마3411", 5, 1);

INSERT INTO BOOKED(BOOKED_PURPOSE, VALIDITY, PHONE_NUM, NAME, COMPANY_NAME, CAR_NUM, MEMBER_TYPE_NUM, REMARK) 
VALUES
("택배", "2022-05-30", "010-2312-3281", "전주원", "택배1", "117가4454",  3, ""),
("택배", "2022-05-30", "010-8441-8153", "장하은", "택배2", "834나1279", 3, ""),
("택배", "2022-05-30", "010-2984-8662", "소하준", "우체국", "435다3233",  3, ""),
("청소", "2022-05-30", "010-5125-7334", "연하윤", "청소", "321라7511", 3, ""),
("이사", "2022-05-30", "010-8001-9911", "김지호", "이사", "295마1213", 3, "");

INSERT INTO ACCOUNT_INFO(ACCOUNT_NUM, USER_ID, USER_PW, ACCOUNT_TYPE) 
VALUES
(1, "admin01", "1234", "관리자"),
(2, "store01", "1111", "상가"),
(3, "store02", "0000", "상가");

INSERT INTO STORE(STORE_NUM, STORE_NAME, PHONE_NUM, ADDR, OWNER_NAME, JOINED_DATE, WITHDREW_DATE, ACCOUNT_NUM, REMARK)
VALUES
(1, "방배골", "010-1234-1111", "서울특별시 서초구 방배로8길 6", "김진수", "2022-03-01", NULL, 2, ""),
(2, "국수나무", "010-3222-3333", "서울특별시 서초구 동광로 21", "이민호", "2022-03-01", NULL, 3, "");

INSERT INTO STORE_PAYMENT_INFO(STORE_NUM, PAYMENT_DATE, PAYMENT)
VALUES
(1, "2022-03-07", 120000),
(2, "2022-03-10", 250000);